Periodo,Pesos,mensual,
1,0.07,0.00576373045,
2,0.07,0.00580283616,
3,0.07,0.00584974095,
4,0.07,0.00587318433,
5,0.07,0.00593567063,
6,0.07,0.00595128554,
7,0.07,0.00596689778,
8,0.07,0.00597470290,
9,0.07,0.00601371851,
10,0.08,0.00606051529,
11,0.08,0.00609169985,
12,0.08,0.00612287377,
13,0.08,0.00616961475,
14,0.08,0.00616961475,
15,0.08,0.00622411572,
16,0.08,0.00623968146,
17,0.08,0.00625524456,
18,0.08,0.00628636281,
19,0.08,0.00631747047,
20,0.08,0.00633302034,
21,0.08,0.00636411215,
22,0.08,0.00640296206,
23,0.08,0.00640296206,
24,0.08,0.00638742407,
25,0.08,0.00654268529,
26,0.08,0.00671316891,
27,0.08,0.00680602629,
28,0.09,0.00684468908,
29,0.09,0.00688333554,
30,0.09,0.00692968977,
31,0.09,0.00696830037,
32,0.09,0.00701461160,
33,0.09,0.00705318641,
34,0.09,0.00709945474,
35,0.09,0.00713799382,
36,0.09,0.00718421932,
37,0.09,0.00723042149,
38,0.09,0.00727660036,
39,0.09,0.00731506497,
40,0.09,0.00736120119,
41,0.09,0.00740731417,
42,0.09,0.00745340395,
43,0.09,0.00750714606,
44,0.09,0.00756085666,
45,0.10,0.00761453578,
46,0.10,0.00766818346,
47,0.10,0.00772179974,
48,0.10,0.00777538466,
49,0.10,0.00782893825,
50,0.10,0.00789010406,
51,0.10,0.00793595163,
52,0.10,0.00798177628,
53,0.10,0.00801994599,
54,0.10,0.00806572866,
55,0.10,0.00810386342,
56,0.10,0.00814960420,
57,0.10,0.00819532216,
58,0.10,0.00823340305,
59,0.10,0.00827907924,
60,0.10,0.00832473268,
61,0.11,0.00837036340,
62,0.11,0.00840837165,
63,0.11,0.00845396077,
64,0.11,0.00849952722,
65,0.11,0.00854507104,
66,0.11,0.00859817692,
67,0.11,0.00865125205,
68,0.11,0.00870429649,
69,0.11,0.00875731026,
70,0.11,0.00881029340,
71,0.11,0.00886324594,
72,0.11,0.00892372573,
73,0.11,0.00897661285,
74,0.11,0.00903701795,
75,0.11,0.00908983981,
76,0.12,0.00915017042,
77,0.12,0.00919539236,
78,0.12,0.00923306029,
79,0.12,0.00926318350,
80,0.12,0.00930082362,
81,0.12,0.00933844830,
82,0.12,0.00936853694,
83,0.12,0.00940613387,
84,0.12,0.00944371540,
85,0.12,0.00947376955,
86,0.12,0.00951132340,
87,0.12,0.00954886189,
88,0.12,0.00958638503,
89,0.12,0.00962389284,
90,0.12,0.00965388805,
91,0.12,0.00970635610,
92,0.12,0.00975879418,
93,0.12,0.00981120232,
94,0.13,0.00986358055,
95,0.13,0.00992340483,
96,0.13,0.00997571911,
97,0.13,0.01002800359,
98,0.13,0.01008025833,
99,0.13,0.01013994164,
100,0.13,0.01019213273,
101,0.13,0.01025174340,
102,0.13,0.01031131540,
103,0.13,0.01036340922,
104,0.13,0.01042290887,
105,0.13,0.01048237000,
106,0.13,0.01054179266,
107,0.13,0.01060117691,
108,0.14,0.01066052281,
109,0.14,0.01071983039,
110,0.14,0.01079391108,
111,0.14,0.01086053268,
112,0.14,0.01093450007,
113,0.14,0.01100840798,
114,0.14,0.01107487433,
115,0.14,0.01114866949,
116,0.14,0.01122240546,
117,0.14,0.01129608234,
118,0.15,0.01136970021,
119,0.15,0.01145061185,
120,0.15,0.01152410616,
121,0.15,0.01159754177,
122,0.15,0.01167825328,
123,0.15,0.01175156595,
124,0.15,0.01181017405,
125,0.15,0.01185410563,
126,0.15,0.01189801624,
127,0.15,0.01194190590,
128,0.15,0.01197846463,
129,0.15,0.01202231593,
130,0.15,0.01206614635,
131,0.16,0.01210995589,
132,0.16,0.01214644792,
133,0.16,0.01221209711,
134,0.16,0.01229227147,
135,0.16,0.01237965482,
136,0.16,0.01246695527,
137,0.16,0.01255417300,
138,0.16,0.01264130818,
139,0.16,0.01272836095,
140,0.17,0.01282257533,
141,0.17,0.01290945696,
142,0.17,0.01300348632,
143,0.17,0.01309019752,
144,0.17,0.01318404262,
145,0.17,0.01327779219,
146,0.17,0.01337144646,
147,0.17,0.01347219853,
148,0.18,0.01356565548,
149,0.18,0.01366619553,
150,0.18,0.01375945603,
151,0.18,0.01385978498,
152,0.18,0.01396000484,
153,0.18,0.01406011586,
154,0.18,0.01416725716,
155,0.19,0.01426714349,
156,0.19,0.01437404463,
157,0.19,0.01447370734,
158,0.19,0.01454482910,
159,0.19,0.01461589607,
160,0.19,0.01468690832,
161,0.19,0.01475786595,
162,0.19,0.01482876904,
163,0.19,0.01490669955,
164,0.20,0.01497748839,
165,0.20,0.01505529345,
166,0.20,0.01512596844,
167,0.20,0.01520364846,
168,0.20,0.01528126315,
169,0.20,0.01535176537,
170,0.20,0.01542925567,
171,0.20,0.01550668097,
172,0.20,0.01558404139,
173,0.21,0.01566133705,
174,0.21,0.01574558585,
175,0.21,0.01582274645,
176,0.21,0.01589984263,
177,0.21,0.01598387422,
178,0.21,0.01606083608,
179,0.21,0.01614472140,
180,0.21,0.01622154941,
181,0.21,0.01630528899,
182,0.22,0.01638895274,
183,0.22,0.01647254080,
184,0.22,0.01655605332,
185,0.22,0.01663949044,
186,0.22,0.01672285230,
187,0.22,0.01680613904,
188,0.22,0.01689628174,
189,0.22,0.01697941245,
190,0.23,0.01706938644,
191,0.23,0.01715236172,
192,0.23,0.01724216766,
193,0.23,0.01733188648,
194,0.23,0.01742151834,
195,0.23,0.01751106343,
196,0.23,0.01760052191,
197,0.23,0.01768989398,
198,0.24,0.01777917979,
199,0.24,0.01786837952,
200,0.24,0.01796434471,
201,0.24,0.01805336623,
202,0.24,0.01814913989,
203,0.24,0.01824481455,
204,0.24,0.01834039043,
205,0.25,0.01843586773,
206,0.25,0.01852443716,
207,0.25,0.01861292194,
208,0.25,0.01870132225,
209,0.25,0.01878963827,
210,0.25,0.01887787014,
211,0.25,0.01896601805,
212,0.25,0.01906085286,
213,0.26,0.01914882691,
214,0.26,0.01924347487,
215,0.26,0.01933127577,
216,0.26,0.01942573765,
217,0.26,0.01952010334,
218,0.26,0.01961437306,
219,0.26,0.01970854699,
220,0.27,0.01980262535,
221,0.27,0.01989660835,
222,0.27,0.01999049617,
223,0.27,0.02008428902,
224,0.27,0.02018467621,
225,0.27,0.02027827299,
226,0.27,0.02037845055,
227,0.28,0.02047852004,
228,0.28,0.02057848170,
229,0.28,0.02067168218,
230,0.28,0.02077143607,
231,0.28,0.02087772216,
232,0.28,0.02097725493,
233,0.28,0.02107668109,
234,0.29,0.02117600086,
235,0.29,0.02128182497,
236,0.29,0.02138092563,
237,0.29,0.02148651656,
238,0.29,0.02159198756,
239,0.29,0.02169733892,
240,0.30,0.02180257092,
241,0.30,0.02190768384,
242,0.30,0.02201267796,
243,0.30,0.02211755357,
244,0.30,0.02222885436,
245,0.30,0.02233348641,
246,0.31,0.02244452905,
247,0.31,0.02255543919,
248,0.31,0.02265970446,
249,0.31,0.02277035833,
250,0.31,0.02288088067,
251,0.31,0.02299127181,
252,0.32,0.02310801389,
253,0.32,0.02321813592,
254,0.32,0.02333459380,
255,0.32,0.02344444809,
256,0.32,0.02356062320,
257,0.32,0.02367665344,
258,0.33,0.02379253919,
259,0.33,0.02390828083,
260,0.33,0.02402387874,
261,0.33,0.02413933328,
262,0.33,0.02426104683,
263,0.34,0.02437620784,
264,0.34,0.02449761238,
265,0.34,0.02461885888,
266,0.34,0.02473994776,
267,0.34,0.02484815718,
268,0.34,0.02496259505,
269,0.35,0.02507689254,
270,0.35,0.02519105001,
271,0.35,0.02530506783,
272,0.35,0.02541894635,
273,0.35,0.02553268592,
274,0.36,0.02565259401,
275,0.36,0.02576604908,
276,0.36,0.02588565764,
277,0.36,0.02599882970,
278,0.36,0.02611814030,
279,0.36,0.02623729850,
280,0.37,0.02635630471,
281,0.37,0.02647515932,
282,0.37,0.02659386273,
283,0.37,0.02671865081,
284,0.37,0.02683704515,
285,0.38,0.02696150876,
286,0.38,0.02707959569,
287,0.38,0.02720373659,
288,0.38,0.02732771269,
289,0.38,0.02745152442,
290,0.39,0.02757517226,
291,0.39,0.02769865665,
292,0.39,0.02782813984,
293,0.39,0.02795129057,
294,0.39,0.02808042441,
295,0.40,0.02820938008,
296,0.40,0.02833815808,
297,0.40,0.02846063910,
298,0.40,0.02859518315,
299,0.40,0.02872343122,
300,0.41,0.02885150367,
301,0.41,0.02898548697,
302,0.41,0.02911320136,
303,0.41,0.02924681065,
304,0.42,0.02938022942,
305,0.42,0.02951345825,
306,0.42,0.02964649770,
307,0.42,0.02977934833,
308,0.42,0.02991201069,
309,0.43,0.03005050248,
310,0.43,0.03018278150,
311,0.43,0.03032087372,
312,0.43,0.03045876265,
313,0.44,0.03059644892,
314,0.44,0.03073393314,
315,0.44,0.03087121594,
316,0.44,0.03101425346,
317,0.45,0.03115112656,
318,0.45,0.03129373791,
319,0.45,0.03143613266,
320,0.45,0.03157831150,
321,0.45,0.03172027510,
322,0.46,0.03186202416,
323,0.46,0.03200945201,
324,0.46,0.03215076513,
325,0.46,0.03229774033,
326,0.47,0.03244448571,
327,0.47,0.03259100202,
328,0.47,0.03273729000,
329,0.47,0.03288335039,
330,0.48,0.03302918394,
331,0.48,0.03318061098,
332,0.48,0.03333179428,
333,0.48,0.03348273466,
334,0.49,0.03363343294,
335,0.49,0.03378388993,
336,0.49,0.03393987919,
337,0.50,0.03411865931,
338,0.50,0.03429710010,
339,0.50,0.03447520288,
340,0.51,0.03465869781,
341,0.51,0.03483611781,
342,0.51,0.03501891074,
343,0.51,0.03520704477,
344,0.52,0.03538911928,
345,0.52,0.03557651548,
346,0.52,0.03576353939,
347,0.53,0.03595019257,
348,0.53,0.03613647654,
349,0.53,0.03632802094,
350,0.54,0.03651917670,
351,0.54,0.03670994546,
352,0.54,0.03690032885,
353,0.55,0.03709591093,
354,0.55,0.03729108813,
355,0.56,0.03748586219,
356,0.56,0.03768578248,
357,0.56,0.03788527998,
358,0.57,0.03806225766,
359,0.57,0.03824441895,
360,0.57,0.03842072508,
361,0.58,0.03860219657,
362,0.58,0.03878331994,
363,0.58,0.03896956927,
364,0.59,0.03915545205,
365,0.59,0.03933551859,
366,0.59,0.03952068347,
367,0.60,0.03971091616,
368,0.60,0.03989534774,
369,0.60,0.04008482868,
370,0.61,0.04027393066,
371,0.61,0.04046265528,
372,0.61,0.04065100409,
373,0.62,0.04084434388,
374,0.62,0.04103728943,
375,0.62,0.04122984242,
376,0.63,0.04142200451,
377,0.63,0.04161909883,
378,0.63,0.04181047333,
379,0.64,0.04200676166,
380,0.64,0.04220793260,
381,0.65,0.04240339999,
382,0.65,0.04260373149,
383,0.65,0.04280364046,
384,0.66,0.04293492999,
385,0.66,0.04293492999,
386,0.66,0.04293492999,
387,0.66,0.04293492999,
388,0.66,0.04293492999,
389,0.66,0.04293492999,
390,0.66,0.04293492999,
391,0.66,0.04293492999,
392,0.66,0.04293492999,
393,0.66,0.04293492999,
394,0.66,0.04293492999,
395,0.66,0.04293492999,
396,0.66,0.04293492999,
397,0.66,0.04293492999,
398,0.66,0.04293492999,
399,0.66,0.04293492999,
400,0.66,0.04293492999,
401,0.66,0.04293492999,
402,0.66,0.04293492999,
403,0.66,0.04293492999,
404,0.66,0.04293492999,
405,0.66,0.04293492999,
406,0.66,0.04293492999,
407,0.66,0.04293492999,
408,0.66,0.04293492999,
409,0.66,0.04293492999,
410,0.66,0.04293492999,
411,0.66,0.04293492999,
412,0.66,0.04293492999,
413,0.66,0.04293492999,
414,0.66,0.04293492999,
415,0.66,0.04293492999,
416,0.66,0.04293492999,
417,0.66,0.04293492999,
418,0.66,0.04293492999,
419,0.66,0.04293492999,
420,0.66,0.04293492999,
421,0.66,0.04293492999,
422,0.66,0.04293492999,
423,0.66,0.04293492999,
424,0.66,0.04293492999,
425,0.66,0.04293492999,
426,0.66,0.04293492999,
427,0.66,0.04293492999,
428,0.66,0.04293492999,
429,0.66,0.04293492999,
430,0.66,0.04293492999,
431,0.66,0.04293492999,
432,0.66,0.04293492999,
433,0.66,0.04293492999,
434,0.66,0.04293492999,
435,0.66,0.04293492999,
436,0.66,0.04293492999,
437,0.66,0.04293492999,
438,0.66,0.04293492999,
439,0.66,0.04293492999,
440,0.66,0.04293492999,
441,0.66,0.04293492999,
442,0.66,0.04293492999,
443,0.66,0.04293492999,
444,0.66,0.04293492999,
445,0.66,0.04293492999,
446,0.66,0.04293492999,
447,0.66,0.04293492999,
448,0.66,0.04293492999,
449,0.66,0.04293492999,
450,0.66,0.04293492999,
451,0.66,0.04293492999,
452,0.66,0.04293492999,
453,0.66,0.04293492999,
454,0.66,0.04293492999,
455,0.66,0.04293492999,
456,0.66,0.04293492999,
457,0.66,0.04293492999,
458,0.66,0.04293492999,
459,0.66,0.04293492999,
460,0.66,0.04293492999,
461,0.66,0.04293492999,
462,0.66,0.04293492999,
463,0.66,0.04293492999,
464,0.66,0.04293492999,
465,0.66,0.04293492999,
466,0.66,0.04293492999,
467,0.66,0.04293492999,
468,0.66,0.04293492999,
469,0.66,0.04293492999,
470,0.66,0.04293492999,
471,0.66,0.04293492999,
472,0.66,0.04293492999,
473,0.66,0.04293492999,
474,0.66,0.04293492999,
475,0.66,0.04293492999,
476,0.66,0.04293492999,
477,0.66,0.04293492999,
478,0.66,0.04293492999,
479,0.66,0.04293492999,
480,0.66,0.04293492999,
481,0.66,0.04293492999,
482,0.66,0.04293492999,
483,0.66,0.04293492999,
484,0.66,0.04293492999,
485,0.66,0.04293492999,
486,0.66,0.04293492999,
487,0.66,0.04293492999,
488,0.66,0.04293492999,
489,0.66,0.04293492999,
490,0.66,0.04293492999,
491,0.66,0.04293492999,
492,0.66,0.04293492999,
493,0.66,0.04293492999,
494,0.66,0.04293492999,
495,0.66,0.04293492999,
496,0.66,0.04293492999,
497,0.66,0.04293492999,
498,0.66,0.04293492999,
499,0.66,0.04293492999,
500,0.66,0.04293492999,
501,0.66,0.04293492999,
502,0.66,0.04293492999,
503,0.66,0.04293492999,
504,0.66,0.04293492999,
505,0.66,0.04293492999,
506,0.66,0.04293492999,
507,0.66,0.04293492999,
508,0.66,0.04293492999,
509,0.66,0.04293492999,
510,0.66,0.04293492999,
511,0.66,0.04293492999,
512,0.66,0.04293492999,
513,0.66,0.04293492999,
514,0.66,0.04293492999,
515,0.66,0.04293492999,
516,0.66,0.04293492999,
517,0.66,0.04293492999,
518,0.66,0.04293492999,
519,0.66,0.04293492999,
520,0.66,0.04293492999,
521,0.66,0.04293492999,
522,0.66,0.04293492999,
523,0.66,0.04293492999,
524,0.66,0.04293492999,
525,0.66,0.04293492999,
526,0.66,0.04293492999,
527,0.66,0.04293492999,
528,0.66,0.04293492999,
529,0.66,0.04293492999,
530,0.66,0.04293492999,
531,0.66,0.04293492999,
532,0.66,0.04293492999,
533,0.66,0.04293492999,
534,0.66,0.04293492999,
535,0.66,0.04293492999,
536,0.66,0.04293492999,
537,0.66,0.04293492999,
538,0.66,0.04293492999,
539,0.66,0.04293492999,
540,0.66,0.04293492999,
541,0.66,0.04293492999,
542,0.66,0.04293492999,
543,0.66,0.04293492999,
544,0.66,0.04293492999,
545,0.66,0.04293492999,
546,0.66,0.04293492999,
547,0.66,0.04293492999,
548,0.66,0.04293492999,
549,0.66,0.04293492999,
550,0.66,0.04293492999,
551,0.66,0.04293492999,
552,0.66,0.04293492999,
553,0.66,0.04293492999,
554,0.66,0.04293492999,
555,0.66,0.04293492999,
556,0.66,0.04293492999,
557,0.66,0.04293492999,
558,0.66,0.04293492999,
559,0.66,0.04293492999,
560,0.66,0.04293492999,
561,0.66,0.04293492999,
562,0.66,0.04293492999,
563,0.66,0.04293492999,
564,0.66,0.04293492999,
565,0.66,0.04293492999,
566,0.66,0.04293492999,
567,0.66,0.04293492999,
568,0.66,0.04293492999,
569,0.66,0.04293492999,
570,0.66,0.04293492999,
571,0.66,0.04293492999,
572,0.66,0.04293492999,
573,0.66,0.04293492999,
574,0.66,0.04293492999,
575,0.66,0.04293492999,
576,0.66,0.04293492999,
577,0.66,0.04293492999,
578,0.66,0.04293492999,
579,0.66,0.04293492999,
580,0.66,0.04293492999,
581,0.66,0.04293492999,
582,0.66,0.04293492999,
583,0.66,0.04293492999,
584,0.66,0.04293492999,
585,0.66,0.04293492999,
586,0.66,0.04293492999,
587,0.66,0.04293492999,
588,0.66,0.04293492999,
589,0.66,0.04293492999,
590,0.66,0.04293492999,
591,0.66,0.04293492999,
592,0.66,0.04293492999,
593,0.66,0.04293492999,
594,0.66,0.04293492999,
595,0.66,0.04293492999,
596,0.66,0.04293492999,
597,0.66,0.04293492999,
598,0.66,0.04293492999,
599,0.66,0.04293492999,
600,0.66,0.04293492999,
601,0.66,0.04293492999,
602,0.66,0.04293492999,
603,0.66,0.04293492999,
604,0.66,0.04293492999,
605,0.66,0.04293492999,
606,0.66,0.04293492999,
607,0.66,0.04293492999,
608,0.66,0.04293492999,
609,0.66,0.04293492999,
610,0.66,0.04293492999,
611,0.66,0.04293492999,
612,0.66,0.04293492999,
613,0.66,0.04293492999,
614,0.66,0.04293492999,
615,0.66,0.04293492999,
616,0.66,0.04293492999,
617,0.66,0.04293492999,
618,0.66,0.04293492999,
619,0.66,0.04293492999,
620,0.66,0.04293492999,
621,0.66,0.04293492999,
622,0.66,0.04293492999,
623,0.66,0.04293492999,
624,0.66,0.04293492999,
625,0.66,0.04293492999,
626,0.66,0.04293492999,
627,0.66,0.04293492999,
628,0.66,0.04293492999,
629,0.66,0.04293492999,
630,0.66,0.04293492999,
631,0.66,0.04293492999,
632,0.66,0.04293492999,
633,0.66,0.04293492999,
634,0.66,0.04293492999,
635,0.66,0.04293492999,
636,0.66,0.04293492999,
637,0.66,0.04293492999,
638,0.66,0.04293492999,
639,0.66,0.04293492999,
640,0.66,0.04293492999,
641,0.66,0.04293492999,
642,0.66,0.04293492999,
643,0.66,0.04293492999,
644,0.66,0.04293492999,
645,0.66,0.04293492999,
646,0.66,0.04293492999,
647,0.66,0.04293492999,
648,0.66,0.04293492999,
649,0.66,0.04293492999,
650,0.66,0.04293492999,
651,0.66,0.04293492999,
652,0.66,0.04293492999,
653,0.66,0.04293492999,
654,0.66,0.04293492999,
655,0.66,0.04293492999,
656,0.66,0.04293492999,
657,0.66,0.04293492999,
658,0.66,0.04293492999,
659,0.66,0.04293492999,
660,0.66,0.04293492999,
661,0.66,0.04293492999,
662,0.66,0.04293492999,
663,0.66,0.04293492999,
664,0.66,0.04293492999,
665,0.66,0.04293492999,
666,0.66,0.04293492999,
667,0.66,0.04293492999,
668,0.66,0.04293492999,
669,0.66,0.04293492999,
670,0.66,0.04293492999,
671,0.66,0.04293492999,
672,0.66,0.04293492999,
673,0.66,0.04293492999,
674,0.66,0.04293492999,
675,0.66,0.04293492999,
676,0.66,0.04293492999,
677,0.66,0.04293492999,
678,0.66,0.04293492999,
679,0.66,0.04293492999,
680,0.66,0.04293492999,
681,0.66,0.04293492999,
682,0.66,0.04293492999,
683,0.66,0.04293492999,
684,0.66,0.04293492999,
685,0.66,0.04293492999,
686,0.66,0.04293492999,
687,0.66,0.04293492999,
688,0.66,0.04293492999,
689,0.66,0.04293492999,
690,0.66,0.04293492999,
691,0.66,0.04293492999,
692,0.66,0.04293492999,
693,0.66,0.04293492999,
694,0.66,0.04293492999,
695,0.66,0.04293492999,
696,0.66,0.04293492999,
697,0.66,0.04293492999,
698,0.66,0.04293492999,
699,0.66,0.04293492999,
700,0.66,0.04293492999,
701,0.66,0.04293492999,
702,0.66,0.04293492999,
703,0.66,0.04293492999,
704,0.66,0.04293492999,
705,0.66,0.04293492999,
706,0.66,0.04293492999,
707,0.66,0.04293492999,
708,0.66,0.04293492999,
709,0.66,0.04293492999,
710,0.66,0.04293492999,
711,0.66,0.04293492999,
712,0.66,0.04293492999,
713,0.66,0.04293492999,
714,0.66,0.04293492999,
715,0.66,0.04293492999,
716,0.66,0.04293492999,
717,0.66,0.04293492999,
718,0.66,0.04293492999,
719,0.66,0.04293492999,
720,0.66,0.04293492999,
721,0.66,0.04293492999,
722,0.66,0.04293492999,
723,0.66,0.04293492999,
724,0.66,0.04293492999,
725,0.66,0.04293492999,
726,0.66,0.04293492999,
727,0.66,0.04293492999,
728,0.66,0.04293492999,
729,0.66,0.04293492999,
730,0.66,0.04293492999,
731,0.66,0.04293492999,
732,0.66,0.04293492999,
733,0.66,0.04293492999,
734,0.66,0.04293492999,
735,0.66,0.04293492999,
736,0.66,0.04293492999,
737,0.66,0.04293492999,
738,0.66,0.04293492999,
739,0.66,0.04293492999,
740,0.66,0.04293492999,
741,0.66,0.04293492999,
742,0.66,0.04293492999,
743,0.66,0.04293492999,
744,0.66,0.04293492999,
745,0.66,0.04293492999,
746,0.66,0.04293492999,
747,0.66,0.04293492999,
748,0.66,0.04293492999,
749,0.66,0.04293492999,
750,0.66,0.04293492999,
751,0.66,0.04293492999,
752,0.66,0.04293492999,
753,0.66,0.04293492999,
754,0.66,0.04293492999,
755,0.66,0.04293492999,
756,0.66,0.04293492999,
757,0.66,0.04293492999,
758,0.66,0.04293492999,
759,0.66,0.04293492999,
760,0.66,0.04293492999,
761,0.66,0.04293492999,
762,0.66,0.04293492999,
763,0.66,0.04293492999,
764,0.66,0.04293492999,
765,0.66,0.04293492999,
766,0.66,0.04293492999,
767,0.66,0.04293492999,
768,0.66,0.04293492999,
769,0.66,0.04293492999,
770,0.66,0.04293492999,
771,0.66,0.04293492999,
772,0.66,0.04293492999,
773,0.66,0.04293492999,
774,0.66,0.04293492999,
775,0.66,0.04293492999,
776,0.66,0.04293492999,
777,0.66,0.04293492999,
778,0.66,0.04293492999,
779,0.66,0.04293492999,
780,0.66,0.04293492999,
781,0.66,0.04293492999,
782,0.66,0.04293492999,
783,0.66,0.04293492999,
784,0.66,0.04293492999,
785,0.66,0.04293492999,
786,0.66,0.04293492999,
787,0.66,0.04293492999,
788,0.66,0.04293492999,
789,0.66,0.04293492999,
790,0.66,0.04293492999,
791,0.66,0.04293492999,
792,0.66,0.04293492999,
793,0.66,0.04293492999,
794,0.66,0.04293492999,
795,0.66,0.04293492999,
796,0.66,0.04293492999,
797,0.66,0.04293492999,
798,0.66,0.04293492999,
799,0.66,0.04293492999,
800,0.66,0.04293492999,
801,0.66,0.04293492999,
802,0.66,0.04293492999,
803,0.66,0.04293492999,
804,0.66,0.04293492999,
805,0.66,0.04293492999,
806,0.66,0.04293492999,
807,0.66,0.04293492999,
808,0.66,0.04293492999,
809,0.66,0.04293492999,
810,0.66,0.04293492999,
811,0.66,0.04293492999,
812,0.66,0.04293492999,
813,0.66,0.04293492999,
814,0.66,0.04293492999,
815,0.66,0.04293492999,
816,0.66,0.04293492999,
817,0.66,0.04293492999,
818,0.66,0.04293492999,
819,0.66,0.04293492999,
820,0.66,0.04293492999,
821,0.66,0.04293492999,
822,0.66,0.04293492999,
823,0.66,0.04293492999,
824,0.66,0.04293492999,
825,0.66,0.04293492999,
826,0.66,0.04293492999,
827,0.66,0.04293492999,
828,0.66,0.04293492999,
829,0.66,0.04293492999,
830,0.66,0.04293492999,
831,0.66,0.04293492999,
832,0.66,0.04293492999,
833,0.66,0.04293492999,
834,0.66,0.04293492999,
835,0.66,0.04293492999,
836,0.66,0.04293492999,
837,0.66,0.04293492999,
838,0.66,0.04293492999,
839,0.66,0.04293492999,
840,0.66,0.04293492999,
841,0.66,0.04293492999,
842,0.66,0.04293492999,
843,0.66,0.04293492999,
844,0.66,0.04293492999,
845,0.66,0.04293492999,
846,0.66,0.04293492999,
847,0.66,0.04293492999,
848,0.66,0.04293492999,
849,0.66,0.04293492999,
850,0.66,0.04293492999,
851,0.66,0.04293492999,
852,0.66,0.04293492999,
853,0.66,0.04293492999,
854,0.66,0.04293492999,
855,0.66,0.04293492999,
856,0.66,0.04293492999,
857,0.66,0.04293492999,
858,0.66,0.04293492999,
859,0.66,0.04293492999,
860,0.66,0.04293492999,
861,0.66,0.04293492999,
862,0.66,0.04293492999,
863,0.66,0.04293492999,
864,0.66,0.04293492999,
865,0.66,0.04293492999,
866,0.66,0.04293492999,
867,0.66,0.04293492999,
868,0.66,0.04293492999,
869,0.66,0.04293492999,
870,0.66,0.04293492999,
871,0.66,0.04293492999,
872,0.66,0.04293492999,
873,0.66,0.04293492999,
874,0.66,0.04293492999,
875,0.66,0.04293492999,
876,0.66,0.04293492999,
877,0.66,0.04293492999,
878,0.66,0.04293492999,
879,0.66,0.04293492999,
880,0.66,0.04293492999,
881,0.66,0.04293492999,
882,0.66,0.04293492999,
883,0.66,0.04293492999,
884,0.66,0.04293492999,
885,0.66,0.04293492999,
886,0.66,0.04293492999,
887,0.66,0.04293492999,
888,0.66,0.04293492999,
889,0.66,0.04293492999,
890,0.66,0.04293492999,
891,0.66,0.04293492999,
892,0.66,0.04293492999,
893,0.66,0.04293492999,
894,0.66,0.04293492999,
895,0.66,0.04293492999,
896,0.66,0.04293492999,
897,0.66,0.04293492999,
898,0.66,0.04293492999,
899,0.66,0.04293492999,
900,0.66,0.04293492999,
901,0.66,0.04293492999,
902,0.66,0.04293492999,
903,0.66,0.04293492999,
904,0.66,0.04293492999,
905,0.66,0.04293492999,
906,0.66,0.04293492999,
907,0.66,0.04293492999,
908,0.66,0.04293492999,
909,0.66,0.04293492999,
910,0.66,0.04293492999,
911,0.66,0.04293492999,
912,0.66,0.04293492999,
913,0.66,0.04293492999,
914,0.66,0.04293492999,
915,0.66,0.04293492999,
916,0.66,0.04293492999,
917,0.66,0.04293492999,
918,0.66,0.04293492999,
919,0.66,0.04293492999,
920,0.66,0.04293492999,
921,0.66,0.04293492999,
922,0.66,0.04293492999,
923,0.66,0.04293492999,
924,0.66,0.04293492999,
925,0.66,0.04293492999,
926,0.66,0.04293492999,
927,0.66,0.04293492999,
928,0.66,0.04293492999,
929,0.66,0.04293492999,
930,0.66,0.04293492999,
931,0.66,0.04293492999,
932,0.66,0.04293492999,
933,0.66,0.04293492999,
934,0.66,0.04293492999,
935,0.66,0.04293492999,
936,0.66,0.04293492999,
937,0.66,0.04293492999,
938,0.66,0.04293492999,
939,0.66,0.04293492999,
940,0.66,0.04293492999,
941,0.66,0.04293492999,
942,0.66,0.04293492999,
943,0.66,0.04293492999,
944,0.66,0.04293492999,
945,0.66,0.04293492999,
946,0.66,0.04293492999,
947,0.66,0.04293492999,
948,0.66,0.04293492999,
949,0.66,0.04293492999,
950,0.66,0.04293492999,
951,0.66,0.04293492999,
952,0.66,0.04293492999,
953,0.66,0.04293492999,
954,0.66,0.04293492999,
955,0.66,0.04293492999,
956,0.66,0.04293492999,
957,0.66,0.04293492999,
958,0.66,0.04293492999,
959,0.66,0.04293492999,
960,0.66,0.04293492999,
961,0.66,0.04293492999,
962,0.66,0.04293492999,
963,0.66,0.04293492999,
964,0.66,0.04293492999,
965,0.66,0.04293492999,
966,0.66,0.04293492999,
967,0.66,0.04293492999,
968,0.66,0.04293492999,
969,0.66,0.04293492999,
970,0.66,0.04293492999,
971,0.66,0.04293492999,
972,0.66,0.04293492999,
973,0.66,0.04293492999,
974,0.66,0.04293492999,
975,0.66,0.04293492999,
976,0.66,0.04293492999,
977,0.66,0.04293492999,
978,0.66,0.04293492999,
979,0.66,0.04293492999,
980,0.66,0.04293492999,
981,0.66,0.04293492999,
982,0.66,0.04293492999,
983,0.66,0.04293492999,
984,0.66,0.04293492999,
985,0.66,0.04293492999,
986,0.66,0.04293492999,
987,0.66,0.04293492999,
988,0.66,0.04293492999,
989,0.66,0.04293492999,
990,0.66,0.04293492999,
991,0.66,0.04293492999,
992,0.66,0.04293492999,
993,0.66,0.04293492999,
994,0.66,0.04293492999,
995,0.66,0.04293492999,
996,0.66,0.04293492999,
997,0.66,0.04293492999,
998,0.66,0.04293492999,
999,0.66,0.04293492999,
1000,0.66,0.04293492999,
1001,0.66,0.04293492999,
1002,0.66,0.04293492999,
1003,0.66,0.04293492999,
1004,0.66,0.04293492999,
1005,0.66,0.04293492999,
1006,0.66,0.04293492999,
1007,0.66,0.04293492999,
1008,0.66,0.04293492999,
1009,0.66,0.04293492999,
1010,0.66,0.04293492999,
1011,0.66,0.04293492999,
1012,0.66,0.04293492999,
1013,0.66,0.04293492999,
1014,0.66,0.04293492999,
1015,0.66,0.04293492999,
1016,0.66,0.04293492999,
1017,0.66,0.04293492999,
1018,0.66,0.04293492999,
1019,0.66,0.04293492999,
1020,0.66,0.04293492999,
1021,0.66,0.04293492999,
1022,0.66,0.04293492999,
1023,0.66,0.04293492999,
1024,0.66,0.04293492999,
1025,0.66,0.04293492999,
1026,0.66,0.04293492999,
1027,0.66,0.04293492999,
1028,0.66,0.04293492999,
1029,0.66,0.04293492999,
1030,0.66,0.04293492999,
1031,0.66,0.04293492999,
1032,0.66,0.04293492999,
1033,0.66,0.04293492999,
1034,0.66,0.04293492999,
1035,0.66,0.04293492999,
1036,0.66,0.04293492999,
1037,0.66,0.04293492999,
1038,0.66,0.04293492999,
1039,0.66,0.04293492999,
1040,0.66,0.04293492999,
1041,0.66,0.04293492999,
1042,0.66,0.04293492999,
1043,0.66,0.04293492999,
1044,0.66,0.04293492999,
1045,0.66,0.04293492999,
1046,0.66,0.04293492999,
1047,0.66,0.04293492999,
1048,0.66,0.04293492999,
1049,0.66,0.04293492999,
1050,0.66,0.04293492999,
1051,0.66,0.04293492999,
1052,0.66,0.04293492999,
1053,0.66,0.04293492999,
1054,0.66,0.04293492999,
1055,0.66,0.04293492999,
1056,0.66,0.04293492999,
1057,0.66,0.04293492999,
1058,0.66,0.04293492999,
1059,0.66,0.04293492999,
1060,0.66,0.04293492999,
1061,0.66,0.04293492999,
1062,0.66,0.04293492999,
1063,0.66,0.04293492999,
1064,0.66,0.04293492999,
1065,0.66,0.04293492999,
1066,0.66,0.04293492999,
1067,0.66,0.04293492999,
1068,0.66,0.04293492999,
1069,0.66,0.04293492999,
1070,0.66,0.04293492999,
1071,0.66,0.04293492999,
1072,0.66,0.04293492999,
1073,0.66,0.04293492999,
1074,0.66,0.04293492999,
1075,0.66,0.04293492999,
1076,0.66,0.04293492999,
1077,0.66,0.04293492999,
1078,0.66,0.04293492999,
1079,0.66,0.04293492999,
1080,0.66,0.04293492999,
1081,0.66,0.04293492999,
1082,0.66,0.04293492999,
1083,0.66,0.04293492999,
1084,0.66,0.04293492999,
1085,0.66,0.04293492999,
1086,0.66,0.04293492999,
1087,0.66,0.04293492999,
1088,0.66,0.04293492999,
1089,0.66,0.04293492999,
1090,0.66,0.04293492999,
1091,0.66,0.04293492999,
1092,0.66,0.04293492999,
1093,0.66,0.04293492999,
1094,0.66,0.04293492999,
1095,0.66,0.04293492999,
1096,0.66,0.04293492999,
1097,0.66,0.04293492999,
1098,0.66,0.04293492999,
1099,0.66,0.04293492999,
1100,0.66,0.04293492999,
1101,0.66,0.04293492999,
1102,0.66,0.04293492999,
1103,0.66,0.04293492999,
1104,0.66,0.04293492999,
1105,0.66,0.04293492999,
1106,0.66,0.04293492999,
1107,0.66,0.04293492999,
1108,0.66,0.04293492999,
1109,0.66,0.04293492999,
1110,0.66,0.04293492999,
1111,0.66,0.04293492999,
1112,0.66,0.04293492999,
1113,0.66,0.04293492999,
1114,0.66,0.04293492999,
1115,0.66,0.04293492999,
1116,0.66,0.04293492999,
1117,0.66,0.04293492999,
1118,0.66,0.04293492999,
1119,0.66,0.04293492999,
1120,0.66,0.04293492999,
1121,0.66,0.04293492999,
1122,0.66,0.04293492999,
1123,0.66,0.04293492999,
1124,0.66,0.04293492999,
1125,0.66,0.04293492999,
1126,0.66,0.04293492999,
1127,0.66,0.04293492999,
1128,0.66,0.04293492999,
1129,0.66,0.04293492999,
1130,0.66,0.04293492999,
1131,0.66,0.04293492999,
1132,0.66,0.04293492999,
1133,0.66,0.04293492999,
1134,0.66,0.04293492999,
1135,0.66,0.04293492999,
1136,0.66,0.04293492999,
